{"cameraMode":{"drawMode":0,"name":"Shaded","section":"Shading Mode"},"sceneLighting":false,"audioPlay":false,"sceneViewState":{"m_AlwaysRefresh":false,"showFog":false,"showSkybox":false,"showFlares":false,"showImageEffects":false,"showParticleSystems":false,"showVisualEffectGraphs":true,"m_FxEnabled":true},"in2DMode":false,"pivot":{"x":8.725005149841309,"y":1.5562068223953248,"z":2.385776996612549},"rotation":{"x":-0.00022363226162269711,"y":-0.9971805214881897,"z":0.07523895055055618,"w":-0.003000160213559866},"size":0.4437345266342163,"orthographic":false}