{"cameraMode":{"drawMode":0,"name":"Shaded","section":"Shading Mode"},"sceneLighting":false,"audioPlay":false,"sceneViewState":{"m_AlwaysRefresh":false,"showFog":true,"showSkybox":true,"showFlares":true,"showImageEffects":true,"showParticleSystems":true,"showVisualEffectGraphs":true,"m_FxEnabled":true},"in2DMode":false,"pivot":{"x":105.02255249023438,"y":-267.96893310546877,"z":-1564.7979736328125},"rotation":{"x":0.0026861834339797498,"y":0.9956058263778687,"z":-0.08865252137184143,"w":0.030176782980561258},"size":847.739990234375,"orthographic":false}