{"cameraMode":{"drawMode":0,"name":"Shaded","section":"Shading Mode"},"sceneLighting":false,"audioPlay":false,"sceneViewState":{"m_AlwaysRefresh":false,"showFog":false,"showSkybox":false,"showFlares":false,"showImageEffects":false,"showParticleSystems":false,"showVisualEffectGraphs":true,"m_FxEnabled":true},"in2DMode":false,"pivot":{"x":408.8181457519531,"y":163.73895263671876,"z":-52.7169189453125},"rotation":{"x":-0.0003087912336923182,"y":0.02970881387591362,"z":-0.00001606564001122024,"w":-0.9995808601379395},"size":165.28358459472657,"orthographic":false}