{"cameraMode":{"drawMode":0,"name":"Shaded","section":"Shading Mode"},"sceneLighting":false,"audioPlay":false,"sceneViewState":{"m_AlwaysRefresh":false,"showFog":false,"showSkybox":false,"showFlares":false,"showImageEffects":false,"showParticleSystems":false,"showVisualEffectGraphs":true,"m_FxEnabled":true},"in2DMode":false,"pivot":{"x":528.5210571289063,"y":126.90223693847656,"z":1311.829833984375},"rotation":{"x":0.039286479353904727,"y":0.02635790966451168,"z":-0.0010239866096526385,"w":0.9989039897918701},"size":1134.4090576171875,"orthographic":false}