{"cameraMode":{"drawMode":0,"name":"Shaded","section":"Shading Mode"},"sceneLighting":false,"audioPlay":false,"sceneViewState":{"m_AlwaysRefresh":false,"showFog":false,"showSkybox":false,"showFlares":false,"showImageEffects":false,"showParticleSystems":false,"showVisualEffectGraphs":true,"m_FxEnabled":true},"in2DMode":false,"pivot":{"x":0.17185163497924806,"y":0.9889518618583679,"z":0.2202754020690918},"rotation":{"x":-0.00022363226162269711,"y":-0.9971805214881897,"z":0.07523895055055618,"w":-0.003000160213559866},"size":1.951383352279663,"orthographic":false}